SampleID,SampleType,SampleSource,Host_SampleName,CollectionDate,Latitude,Longitude,,Elevation,DNAExtractionProtocol,ExtractorName,SampleDescription,Project_Name,Set_ID,FireTreatment,BurnYear,Year_,Month_,Day_,ObjectID_1,InOrOut,Lat,Lon,BurnDate,ELEVATION_AVG,SLOPE_AVG,SLOPE_MAX,ASPECT_DOM,CANOPY_2001,POP_DEN_2000,POP_2000,SOIL_DOM,GEOLOGY_DOM,PRECIP_1,PRECIP_2,PRECIP_3,PRECIP_4,PRECIP_5,PRECIP_6,PRECIP_7,PRECIP_8,PRECIP_9,PRECIP_10,PRECIP_11,PRECIP_12,TMEAN_1,TMEAN_2,TMEAN_3,TMEAN_4,TMEAN_5,TMEAN_6,TMEAN_7,TMEAN_8,TMEAN_9,TMEAN_10,TMEAN_11,TMEAN_12,TMIN_1,TMIN_2,TMIN_3,TMIN_4,TMIN_5,TMIN_6,TMIN_7,TMIN_8,TMIN_9,TMIN_10,TMIN_11,TMIN_12,TMAX_1,TMAX_2,TMAX_3,TMAX_4,TMAX_5,TMAX_6,TMAX_7,TMAX_8,TMAX_9,TMAX_10,TMAX_11,TMAX_12,ANNUAL_MEAN_TEMP,ANNUAL_PRECIP,ISOTHERMALITY,MAX_TEMP_WARMEST_MONTH,MEAN_DIURNAL_RANGE,MEAN_TEMP_COLDEST_QUARTER,MEAN_TEMP_DRIEST_QUARTER,MEAN_TEMP_WARMEST_QUARTER,MEAN_TEMP_WETTEST_QUARTER,MIN_TEMP_COLDEST_MONTH,PRECIP_COLDEST_QUARTER,PRECIP_DRIEST_MONTH,PRECIP_DRIEST_QUARTER,PRECIP_SEASONALITY,PRECIP_WARMEST_QUARTER,PRECIP_WETTEST_MONTH,PRECIP_WETTEST_QUARTER,TEMP_ANNUAL_RANGE,TEMP_SEASONALITY,Soil_Description,to_keep,ID,LibID,Title,Filename,Filename2,
FS-1E,Environmental,Soil,Burn_2015,2018-06-30,38.5261,-111.77282,38.5261 N 111.77282 W,2965,Zymo Soil Kit,Spencer McGee,Forest_Fire_Recovery_FS_1E,Forest_Fire_Recovery,Set_1,Burn,2015,2015,4,14,1603,in,38.52798,-111.771563,2015-04-14,300989,9.7139558792,12.5999441147,4,20.09,0,0,674564,82,44,43,55,37,38,26,50,60,44,39,42,46,-7.9,-7.2,-5.2,-0.9,4,9.2,13.2,12,8,3.1,-3.3,-7.1,-15.2,-14.2,-11.7,-7.7,-3.5,0.7,4.9,4.1,0,-4.4,-10,-14.2,-0.5,-0.1,1.4,6,11.6,17.7,21.5,20,16.1,10.7,3.5,0,-7.9,524,40,-7.2,149,-5.2,-0.9,4,9.2,13.2,133,26,101,19,136,60,154,12,8,Travessilla-Rock outcrop-Midfork family (s7972),yes,1603_in,FS-1E-ITS1,Fungal ITS1 of Soil: FS-1E,FS-1E_R1_001.fastq.gz,FS-1E_R2_001.fastq.gz,FS-1E_R1_001.fastq.gz
FS-1W,Environmental,Soil,Burn_2015,2018-06-30,38.5261,-111.77282,38.5261 N 111.77282 W,2965,Zymo Soil Kit,Spencer McGee,Forest_Fire_Recovery_FS_1W,Forest_Fire_Recovery,Set_1,Burn,2015,2015,4,14,1603,in,38.52798,-111.771563,2015-04-14,300989,9.7139558792,12.5999441147,4,20.09,0,0,674564,82,44,43,55,37,38,26,50,60,44,39,42,46,-7.9,-7.2,-5.2,-0.9,4,9.2,13.2,12,8,3.1,-3.3,-7.1,-15.2,-14.2,-11.7,-7.7,-3.5,0.7,4.9,4.1,0,-4.4,-10,-14.2,-0.5,-0.1,1.4,6,11.6,17.7,21.5,20,16.1,10.7,3.5,0,-7.9,524,40,-7.2,149,-5.2,-0.9,4,9.2,13.2,133,26,101,19,136,60,154,12,8,Travessilla-Rock outcrop-Midfork family (s7972),yes,1603_in,FS-1W-ITS1,Fungal ITS1 of Soil: FS-1W,FS-1W_R1_001.fastq.gz,FS-1W_R2_001.fastq.gz,
FS-1N,Environmental,Soil,Burn_2015,2018-06-30,38.5261,-111.77282,38.5261 N 111.77282 W,2965,Zymo Soil Kit,Spencer McGee,Forest_Fire_Recovery_FS_1N,Forest_Fire_Recovery,Set_1,Burn,2015,2015,4,14,1603,in,38.52798,-111.771563,2015-04-14,300989,9.7139558792,12.5999441147,4,20.09,0,0,674564,82,44,43,55,37,38,26,50,60,44,39,42,46,-7.9,-7.2,-5.2,-0.9,4,9.2,13.2,12,8,3.1,-3.3,-7.1,-15.2,-14.2,-11.7,-7.7,-3.5,0.7,4.9,4.1,0,-4.4,-10,-14.2,-0.5,-0.1,1.4,6,11.6,17.7,21.5,20,16.1,10.7,3.5,0,-7.9,524,40,-7.2,149,-5.2,-0.9,4,9.2,13.2,133,26,101,19,136,60,154,12,8,Travessilla-Rock outcrop-Midfork family (s7972),yes,1603_in,FS-1N-ITS1,Fungal ITS1 of Soil: FS-1N,FS-1N_R1_001.fastq.gz,FS-1N_R2_001.fastq.gz,
FS-2E,Environmental,Soil,NonBurn_2015,2018-06-30,38.52704,-111.77353,38.52704 N 111.77353 W,2969,Zymo Soil Kit,Spencer McGee,Forest_Fire_Recovery_FS_2E,Forest_Fire_Recovery,Set_1,NonBurn,2015,2015,4,14,1603,out,38.528712,-111.773421,2015-04-14,300033,9.1717472076,11.0654640198,3,18.74,0,0,674564,82,44,43,55,37,38,26,50,60,44,39,42,46,-7.9,-7.2,-5.2,-0.9,4,9.2,13.2,12,8,3.1,-3.3,-7.1,-15.2,-14.2,-11.7,-7.7,-3.5,0.7,4.9,4.1,0,-4.4,-10,-14.2,-0.5,-0.1,1.4,6,11.6,17.7,21.5,20,16.1,10.7,3.5,0,-7.9,524,40,-7.2,149,-5.2,-0.9,4,9.2,13.2,133,26,101,19,136,60,154,12,8,Travessilla-Rock outcrop-Midfork family (s7972),yes,1603_out,FS-2E-ITS1,Fungal ITS1 of Soil: FS-2E,FS-2E_R1_001.fastq.gz,FS-2E_R2_001.fastq.gz,
FS-2W,Environmental,Soil,NonBurn_2015,2018-06-30,38.52704,-111.77353,38.52704 N 111.77353 W,2969,Zymo Soil Kit,Spencer McGee,Forest_Fire_Recovery_FS_2W,Forest_Fire_Recovery,Set_1,NonBurn,2015,2015,4,14,1603,out,38.528712,-111.773421,2015-04-14,300033,9.1717472076,11.0654640198,3,18.74,0,0,674564,82,44,43,55,37,38,26,50,60,44,39,42,46,-7.9,-7.2,-5.2,-0.9,4,9.2,13.2,12,8,3.1,-3.3,-7.1,-15.2,-14.2,-11.7,-7.7,-3.5,0.7,4.9,4.1,0,-4.4,-10,-14.2,-0.5,-0.1,1.4,6,11.6,17.7,21.5,20,16.1,10.7,3.5,0,-7.9,524,40,-7.2,149,-5.2,-0.9,4,9.2,13.2,133,26,101,19,136,60,154,12,8,Travessilla-Rock outcrop-Midfork family (s7972),yes,1603_out,FS-2W-ITS1,Fungal ITS1 of Soil: FS-2W,FS-2W_R1_001.fastq.gz,FS-2W_R2_001.fastq.gz,
FS-2N,Environmental,Soil,NonBurn_2015,2018-06-30,38.52704,-111.77353,38.52704 N 111.77353 W,2969,Zymo Soil Kit,Spencer McGee,Forest_Fire_Recovery_FS_2N,Forest_Fire_Recovery,Set_1,NonBurn,2015,2015,4,14,1603,out,38.528712,-111.773421,2015-04-14,300033,9.1717472076,11.0654640198,3,18.74,0,0,674564,82,44,43,55,37,38,26,50,60,44,39,42,46,-7.9,-7.2,-5.2,-0.9,4,9.2,13.2,12,8,3.1,-3.3,-7.1,-15.2,-14.2,-11.7,-7.7,-3.5,0.7,4.9,4.1,0,-4.4,-10,-14.2,-0.5,-0.1,1.4,6,11.6,17.7,21.5,20,16.1,10.7,3.5,0,-7.9,524,40,-7.2,149,-5.2,-0.9,4,9.2,13.2,133,26,101,19,136,60,154,12,8,Travessilla-Rock outcrop-Midfork family (s7972),yes,1603_out,FS-2N-ITS1,Fungal ITS1 of Soil: FS-2N,FS-2N_R1_001.fastq.gz,FS-2N_R2_001.fastq.gz,
FS-32E,Environmental,Soil,NonBurn_2007,2018-11-03,39.9417,-111.78191,39.9417 N 111.78191 W,1706,Zymo Soil Kit,Spencer McGee,Forest_Fire_Recovery_FS_32E,Forest_Fire_Recovery,Set_2,NonBurn,2007,2007,6,17,254,out,39.942171,-111.781958,2007-06-17,171858,15.9308586121,24.4690551758,4,34.41,0,0,674693,-109,41,41,51,46,42,25,24,30,35,43,44,44,-4,-1.3,2.6,7.1,12.1,17.4,21.7,20.6,15.4,9.2,2.5,-3.1,-10,-7.5,-4,-0.3,3.9,8.3,12.5,11.5,6.4,1,-3.9,-8.8,2,5,9.3,14.5,20.3,26.5,31,29.8,24.4,17.5,9,2.6,-4,474,37,-1.3,152,2.6,7.1,12.1,17.4,21.7,129,25,82,20,82,52,140,20.6,15.4,Yeates Hollow-St marys-Moweba-Hoskin-Holmes (s7833),yes,254_out,FS-32E-ITS1,Fungal ITS1 of Soil: FS-32E,FS-32E_R1_001.fastq.gz,FS-32E_R2_001.fastq.gz,
FS-32W,Environmental,Soil,NonBurn_2007,2018-11-03,39.9417,-111.78191,39.9417 N 111.78191 W,1706,Zymo Soil Kit,Spencer McGee,Forest_Fire_Recovery_FS_32W,Forest_Fire_Recovery,Set_2,NonBurn,2007,2007,6,17,254,out,39.942171,-111.781958,2007-06-17,171858,15.9308586121,24.4690551758,4,34.41,0,0,674693,-109,41,41,51,46,42,25,24,30,35,43,44,44,-4,-1.3,2.6,7.1,12.1,17.4,21.7,20.6,15.4,9.2,2.5,-3.1,-10,-7.5,-4,-0.3,3.9,8.3,12.5,11.5,6.4,1,-3.9,-8.8,2,5,9.3,14.5,20.3,26.5,31,29.8,24.4,17.5,9,2.6,-4,474,37,-1.3,152,2.6,7.1,12.1,17.4,21.7,129,25,82,20,82,52,140,20.6,15.4,Yeates Hollow-St marys-Moweba-Hoskin-Holmes (s7833),yes,254_out,FS-32W-ITS1,Fungal ITS1 of Soil: FS-32W,FS-32W_R1_001.fastq.gz,FS-32W_R2_001.fastq.gz,
FS-32N,Environmental,Soil,NonBurn_2007,2018-11-03,39.9417,-111.78191,39.9417 N 111.78191 W,1706,Zymo Soil Kit,Spencer McGee,Forest_Fire_Recovery_FS_32N,Forest_Fire_Recovery,Set_2,NonBurn,2007,2007,6,17,254,out,39.942171,-111.781958,2007-06-17,171858,15.9308586121,24.4690551758,4,34.41,0,0,674693,-109,41,41,51,46,42,25,24,30,35,43,44,44,-4,-1.3,2.6,7.1,12.1,17.4,21.7,20.6,15.4,9.2,2.5,-3.1,-10,-7.5,-4,-0.3,3.9,8.3,12.5,11.5,6.4,1,-3.9,-8.8,2,5,9.3,14.5,20.3,26.5,31,29.8,24.4,17.5,9,2.6,-4,474,37,-1.3,152,2.6,7.1,12.1,17.4,21.7,129,25,82,20,82,52,140,20.6,15.4,Yeates Hollow-St marys-Moweba-Hoskin-Holmes (s7833),yes,254_out,FS-32N-ITS1,Fungal ITS1 of Soil: FS-32N,FS-32N_R1_001.fastq.gz,FS-32N_R2_001.fastq.gz,
FS-31W,Environmental,Soil,Burn_2007,2018-11-03,39.94178,-111.78222,39.94178 N 111.78222 W,1700,Zymo Soil Kit,Spencer McGee,Forest_Fire_Recovery_FS_31W,Forest_Fire_Recovery,Set_2,Burn,2007,2007,6,17,254,in,39.941676,-111.781982,2007-06-17,172144,15.3618421555,24.4690551758,4,32.03,0,0,674693,-109,42,42,52,46,42,26,25,31,35,43,45,45,-4.2,-1.5,2.4,6.9,11.8,17.1,21.4,20.3,15.2,9.1,2.3,-3.3,-10.2,-7.7,-4.2,-0.5,3.6,8,12.2,11.2,6.2,0.9,-4.1,-9,1.9,4.8,9,14.2,20,26.2,30.7,29.5,24.2,17.3,8.8,2.5,-4.2,474,37,-1.5,152,2.4,6.9,11.8,17.1,21.4,129,25,82,20,82,52,140,20.3,15.2,Yeates Hollow-St marys-Moweba-Hoskin-Holmes (s7833),yes,254_in,FS-31W-ITS1,Fungal ITS1 of Soil: FS-31W,FS-31W_R1_001.fastq.gz,FS-31W_R2_001.fastq.gz,
FS-31N,Environmental,Soil,Burn_2007,2018-11-03,39.94178,-111.78222,39.94178 N 111.78222 W,1700,Zymo Soil Kit,Spencer McGee,Forest_Fire_Recovery_FS_31N,Forest_Fire_Recovery,Set_2,Burn,2007,2007,6,17,254,in,39.941676,-111.781982,2007-06-17,172144,15.3618421555,24.4690551758,4,32.03,0,0,674693,-109,42,42,52,46,42,26,25,31,35,43,45,45,-4.2,-1.5,2.4,6.9,11.8,17.1,21.4,20.3,15.2,9.1,2.3,-3.3,-10.2,-7.7,-4.2,-0.5,3.6,8,12.2,11.2,6.2,0.9,-4.1,-9,1.9,4.8,9,14.2,20,26.2,30.7,29.5,24.2,17.3,8.8,2.5,-4.2,474,37,-1.5,152,2.4,6.9,11.8,17.1,21.4,129,25,82,20,82,52,140,20.3,15.2,Yeates Hollow-St marys-Moweba-Hoskin-Holmes (s7833),yes,254_in,FS-31N-ITS1,Fungal ITS1 of Soil: FS-31N,FS-31N_R1_001.fastq.gz,FS-31N_R2_001.fastq.gz,
FS-31E,Environmental,Soil,Burn_2007,2018-11-03,39.94178,-111.78222,39.94178 N 111.78222 W,1700,Zymo Soil Kit,Spencer McGee,Forest_Fire_Recovery_FS_31E,Forest_Fire_Recovery,Set_2,Burn,2007,2007,6,17,254,in,39.941676,-111.781982,2007-06-17,172144,15.3618421555,24.4690551758,4,32.03,0,0,674693,-109,42,42,52,46,42,26,25,31,35,43,45,45,-4.2,-1.5,2.4,6.9,11.8,17.1,21.4,20.3,15.2,9.1,2.3,-3.3,-10.2,-7.7,-4.2,-0.5,3.6,8,12.2,11.2,6.2,0.9,-4.1,-9,1.9,4.8,9,14.2,20,26.2,30.7,29.5,24.2,17.3,8.8,2.5,-4.2,474,37,-1.5,152,2.4,6.9,11.8,17.1,21.4,129,25,82,20,82,52,140,20.3,15.2,Yeates Hollow-St marys-Moweba-Hoskin-Holmes (s7833),yes,254_in,FS-31E-ITS1,Fungal ITS1 of Soil: FS-31E,FS-31E_R1_001.fastq.gz,FS-31E_R2_001.fastq.gz,
FS-41W,Environmental,Soil,Burn_2007,2018-09-08,40.01663,-111.49936,40.01663 N 111.49936 W,1501,Zymo Soil Kit,Spencer McGee,Forest_Fire_Recovery_FS_41W,Forest_Fire_Recovery,Set_3,Burn,2007,2007,6,24,239,in,40.016673,-111.499308,2007-06-24,152625,1.4168143272,4.6051645279,2,3.06,0,0,674407,43,48,47,53,47,42,26,22,28,36,46,50,52,-4.1,-1.2,3.4,8,13,17.7,21.9,20.8,15.9,9.8,2.7,-3.1,-10.1,-7.7,-3.5,0.2,4.4,8.3,12.3,11.3,6.5,1.2,-3.9,-8.8,1.9,5.3,10.4,15.8,21.6,27.2,31.6,30.3,25.3,18.4,9.4,2.6,-4.1,504,37,-1.2,158,3.4,8,13,17.7,21.9,150,23,77,25,77,54,153,20.8,15.9,Roundy-Fitzgerald-Daybell (s7884),yes,239_in,FS-41W-ITS1,Fungal ITS1 of Soil: FS-41W,FS-41W_R1_001.fastq.gz,FS-41W_R2_001.fastq.gz,
FS-41E,Environmental,Soil,Burn_2007,2018-09-08,40.01663,-111.49936,40.01663 N 111.49936 W,1501,Zymo Soil Kit,Spencer McGee,Forest_Fire_Recovery_FS_41E,Forest_Fire_Recovery,Set_3,Burn,2007,2007,6,24,239,in,40.016673,-111.499308,2007-06-24,152625,1.4168143272,4.6051645279,2,3.06,0,0,674407,43,48,47,53,47,42,26,22,28,36,46,50,52,-4.1,-1.2,3.4,8,13,17.7,21.9,20.8,15.9,9.8,2.7,-3.1,-10.1,-7.7,-3.5,0.2,4.4,8.3,12.3,11.3,6.5,1.2,-3.9,-8.8,1.9,5.3,10.4,15.8,21.6,27.2,31.6,30.3,25.3,18.4,9.4,2.6,-4.1,504,37,-1.2,158,3.4,8,13,17.7,21.9,150,23,77,25,77,54,153,20.8,15.9,Roundy-Fitzgerald-Daybell (s7884),yes,239_in,FS-41E-ITS1,Fungal ITS1 of Soil: FS-41E,FS-41E_R1_001.fastq.gz,FS-41E_R2_001.fastq.gz,
FS-41N,Environmental,Soil,Burn_2007,2018-09-08,40.01663,-111.49936,40.01663 N 111.49936 W,1501,Zymo Soil Kit,Spencer McGee,Forest_Fire_Recovery_FS_41N,Forest_Fire_Recovery,Set_3,Burn,2007,2007,6,24,239,in,40.016673,-111.499308,2007-06-24,152625,1.4168143272,4.6051645279,2,3.06,0,0,674407,43,48,47,53,47,42,26,22,28,36,46,50,52,-4.1,-1.2,3.4,8,13,17.7,21.9,20.8,15.9,9.8,2.7,-3.1,-10.1,-7.7,-3.5,0.2,4.4,8.3,12.3,11.3,6.5,1.2,-3.9,-8.8,1.9,5.3,10.4,15.8,21.6,27.2,31.6,30.3,25.3,18.4,9.4,2.6,-4.1,504,37,-1.2,158,3.4,8,13,17.7,21.9,150,23,77,25,77,54,153,20.8,15.9,Roundy-Fitzgerald-Daybell (s7884),yes,239_in,FS-41N-ITS1,Fungal ITS1 of Soil: FS-41N,FS-41N_R1_001.fastq.gz,FS-41N_R2_001.fastq.gz,
FS-42N,Environmental,Soil,NonBurn_2007,2018-06-10,40.018588,-111.498315,40.018588 N 111.498315 W,1520,Zymo Soil Kit,Spencer McGee,Forest_Fire_Recovery_FS_42N,Forest_Fire_Recovery,Set_3,NonBurn,2007,2008,8,15,46,out,40.018622,-111.720207,2008-08-15,152806,17.8299846649,26.7734909058,1,20.32,6,2,674680,43,42,42,51,48,43,25,23,29,34,44,46,44,-3.5,-0.5,3.5,8,13.2,18.3,22.8,21.4,16.3,10,3.1,-2.5,-9.2,-6.7,-3.1,0.6,5,9.3,13.6,12.4,7.3,1.8,-3.3,-7.9,2.3,5.6,10.3,15.5,21.4,27.4,32,30.6,25.3,18.2,9.5,3,-3.5,458,36,-0.5,150,3.5,8,13.2,18.3,22.8,123,22,75,22,75,50,139,21.4,16.3,Yeates Hollow-Lucky Star-Hoskin-Horrocks-Gappmayer-Cloud Rim-Bradshaw-Ant Flat (s7886),yes,46_out,FS-42N-ITS1,Fungal ITS1 of Soil: FS-42N,FS-42N_R1_001.fastq.gz,FS-42N_R2_001.fastq.gz,
FS-42W,Environmental,Soil,NonBurn_2007,2018-06-10,40.01859,-111.49832,40.01859 N 111.49832 W,1520,Zymo Soil Kit,Spencer McGee,Forest_Fire_Recovery_FS_42W,Forest_Fire_Recovery,Set_3,NonBurn,2007,2008,8,15,46,out,40.018622,-111.720207,2008-08-15,152806,17.8299846649,26.7734909058,1,20.32,6,2,674680,43,42,42,51,48,43,25,23,29,34,44,46,44,-3.5,-0.5,3.5,8,13.2,18.3,22.8,21.4,16.3,10,3.1,-2.5,-9.2,-6.7,-3.1,0.6,5,9.3,13.6,12.4,7.3,1.8,-3.3,-7.9,2.3,5.6,10.3,15.5,21.4,27.4,32,30.6,25.3,18.2,9.5,3,-3.5,458,36,-0.5,150,3.5,8,13.2,18.3,22.8,123,22,75,22,75,50,139,21.4,16.3,Yeates Hollow-Lucky Star-Hoskin-Horrocks-Gappmayer-Cloud Rim-Bradshaw-Ant Flat (s7886),yes,46_out,FS-42W-ITS1,Fungal ITS1 of Soil: FS-42W,FS-42W_R1_001.fastq.gz,FS-42W_R2_001.fastq.gz,
FS-42E,Environmental,Soil,NonBurn_2007,2018-06-10,40.01859,-111.49832,40.01859 N 111.49832 W,1520,Zymo Soil Kit,Spencer McGee,Forest_Fire_Recovery_FS_42E,Forest_Fire_Recovery,Set_3,NonBurn,2007,2008,8,15,46,out,40.018622,-111.720207,2008-08-15,152806,17.8299846649,26.7734909058,1,20.32,6,2,674680,43,42,42,51,48,43,25,23,29,34,44,46,44,-3.5,-0.5,3.5,8,13.2,18.3,22.8,21.4,16.3,10,3.1,-2.5,-9.2,-6.7,-3.1,0.6,5,9.3,13.6,12.4,7.3,1.8,-3.3,-7.9,2.3,5.6,10.3,15.5,21.4,27.4,32,30.6,25.3,18.2,9.5,3,-3.5,458,36,-0.5,150,3.5,8,13.2,18.3,22.8,123,22,75,22,75,50,139,21.4,16.3,Yeates Hollow-Lucky Star-Hoskin-Horrocks-Gappmayer-Cloud Rim-Bradshaw-Ant Flat (s7886),yes,46_out,FS-42E-ITS1,Fungal ITS1 of Soil: FS-42E,FS-42E_R1_001.fastq.gz,FS-42E_R2_001.fastq.gz,
FS-53N,Environmental,Soil,NonBurn_2012,2018-09-08,40.11798,-111.33787,40.11798 N 111.33787 W,1812,Zymo Soil Kit,Spencer McGee,Forest_Fire_Recovery_FS_53N,Forest_Fire_Recovery,Set_4,NonBurn,2012,2012,8,19,679,out,40.117966,-111.335199,2012-08-19,187648,22.0796718597,31.9264888763,1,45.15,0,0,674411,7,51,49,47,40,39,27,27,32,38,44,48,51,-6.2,-3.7,0.9,5.6,10.5,15.2,19.3,18.2,13.5,7.8,0.7,-5.1,-12.9,-10.7,-6.2,-2,1.9,5.8,9.6,8.6,4,-0.9,-6.1,-11.4,0.6,3.4,8,13.3,19.1,24.7,29,27.9,23,16.5,7.6,1.3,-6.2,493,38,-3.7,162,0.9,5.6,10.5,15.2,19.3,151,27,86,20,86,51,151,18.2,13.5,Steed-Redola-Provo-Pleasant View-Pleasant Vale-Keigley (s7862),yes,679_out,FS-53N-ITS1,Fungal ITS1 of Soil: FS-53N,FS-53N_R1_001.fastq.gz,FS-53N_R2_001.fastq.gz,
FS-53W,Environmental,Soil,NonBurn_2012,2018-09-08,40.11798,-111.33787,40.11798 N 111.33787 W,1812,Zymo Soil Kit,Spencer McGee,Forest_Fire_Recovery_FS_53W,Forest_Fire_Recovery,Set_4,NonBurn,2012,2012,8,19,679,out,40.117966,-111.335199,2012-08-19,187648,22.0796718597,31.9264888763,1,45.15,0,0,674411,7,51,49,47,40,39,27,27,32,38,44,48,51,-6.2,-3.7,0.9,5.6,10.5,15.2,19.3,18.2,13.5,7.8,0.7,-5.1,-12.9,-10.7,-6.2,-2,1.9,5.8,9.6,8.6,4,-0.9,-6.1,-11.4,0.6,3.4,8,13.3,19.1,24.7,29,27.9,23,16.5,7.6,1.3,-6.2,493,38,-3.7,162,0.9,5.6,10.5,15.2,19.3,151,27,86,20,86,51,151,18.2,13.5,Steed-Redola-Provo-Pleasant View-Pleasant Vale-Keigley (s7862),yes,679_out,FS-53W-ITS1,Fungal ITS1 of Soil: FS-53W,FS-53W_R1_001.fastq.gz,FS-53W_R2_001.fastq.gz,
FS-53E,Environmental,Soil,NonBurn_2012,2018-09-08,40.11798,-111.33787,40.11798 N 111.33787 W,1812,Zymo Soil Kit,Spencer McGee,Forest_Fire_Recovery_FS_53E,Forest_Fire_Recovery,Set_4,NonBurn,2012,2012,8,19,679,out,40.117966,-111.335199,2012-08-19,187648,22.0796718597,31.9264888763,1,45.15,0,0,674411,7,51,49,47,40,39,27,27,32,38,44,48,51,-6.2,-3.7,0.9,5.6,10.5,15.2,19.3,18.2,13.5,7.8,0.7,-5.1,-12.9,-10.7,-6.2,-2,1.9,5.8,9.6,8.6,4,-0.9,-6.1,-11.4,0.6,3.4,8,13.3,19.1,24.7,29,27.9,23,16.5,7.6,1.3,-6.2,493,38,-3.7,162,0.9,5.6,10.5,15.2,19.3,151,27,86,20,86,51,151,18.2,13.5,Steed-Redola-Provo-Pleasant View-Pleasant Vale-Keigley (s7862),yes,679_out,FS-53E-ITS1,Fungal ITS1 of Soil: FS-53E,FS-53E_R1_001.fastq.gz,FS-53E_R2_001.fastq.gz,
FS-54N,Environmental,Soil,Burn_2012,2018-09-08,40.1191,-111.33832,40.1191 N 111.33832 W,1819,Zymo Soil Kit,Spencer McGee,Forest_Fire_Recovery_FS_54N,Forest_Fire_Recovery,Set_4,Burn,2012,2012,8,19,679,in,40.11885,-111.337902,2012-08-19,182995,16.4556751251,33.6572418213,2,17.21,0,0,674411,7,51,49,47,40,39,27,27,32,38,44,48,51,-6.2,-3.7,0.8,5.5,10.4,15.1,19.3,18.2,13.5,7.8,0.7,-5.1,-12.9,-10.7,-6.2,-2.1,1.9,5.7,9.6,8.6,4,-0.9,-6.1,-11.4,0.6,3.4,7.9,13.2,19,24.6,29,27.8,23,16.5,7.6,1.3,-6.2,493,38,-3.7,162,0.8,5.5,10.4,15.1,19.3,151,27,86,20,86,51,151,18.2,13.5,Steed-Redola-Provo-Pleasant View-Pleasant Vale-Keigley (s7862),yes,679_in,FS-54N-ITS1,Fungal ITS1 of Soil: FS-54N,FS-54N_R1_001.fastq.gz,FS-54N_R2_001.fastq.gz,
FS-54W,Environmental,Soil,Burn_2012,2018-09-08,40.1191,-111.33832,40.1191 N 111.33832 W,1819,Zymo Soil Kit,Spencer McGee,Forest_Fire_Recovery_FS_54W,Forest_Fire_Recovery,Set_4,Burn,2012,2012,8,19,679,in,40.11885,-111.337902,2012-08-19,182995,16.4556751251,33.6572418213,2,17.21,0,0,674411,7,51,49,47,40,39,27,27,32,38,44,48,51,-6.2,-3.7,0.8,5.5,10.4,15.1,19.3,18.2,13.5,7.8,0.7,-5.1,-12.9,-10.7,-6.2,-2.1,1.9,5.7,9.6,8.6,4,-0.9,-6.1,-11.4,0.6,3.4,7.9,13.2,19,24.6,29,27.8,23,16.5,7.6,1.3,-6.2,493,38,-3.7,162,0.8,5.5,10.4,15.1,19.3,151,27,86,20,86,51,151,18.2,13.5,Steed-Redola-Provo-Pleasant View-Pleasant Vale-Keigley (s7862),yes,679_in,FS-54W-ITS1,Fungal ITS1 of Soil: FS-54W,FS-54W_R1_001.fastq.gz,FS-54W_R2_001.fastq.gz,
FS-54E,Environmental,Soil,Burn_2012,2018-09-08,40.1191,-111.33832,40.1191 N 111.33832 W,1819,Zymo Soil Kit,Spencer McGee,Forest_Fire_Recovery_FS_54E,Forest_Fire_Recovery,Set_4,Burn,2012,2012,8,19,679,in,40.11885,-111.337902,2012-08-19,182995,16.4556751251,33.6572418213,2,17.21,0,0,674411,7,51,49,47,40,39,27,27,32,38,44,48,51,-6.2,-3.7,0.8,5.5,10.4,15.1,19.3,18.2,13.5,7.8,0.7,-5.1,-12.9,-10.7,-6.2,-2.1,1.9,5.7,9.6,8.6,4,-0.9,-6.1,-11.4,0.6,3.4,7.9,13.2,19,24.6,29,27.8,23,16.5,7.6,1.3,-6.2,493,38,-3.7,162,0.8,5.5,10.4,15.1,19.3,151,27,86,20,86,51,151,18.2,13.5,Steed-Redola-Provo-Pleasant View-Pleasant Vale-Keigley (s7862),yes,679_in,FS-54E-ITS1,Fungal ITS1 of Soil: FS-54E,FS-54E_R1_001.fastq.gz,FS-54E_R2_001.fastq.gz,
FS-59N,Environmental,Soil,Burn_2006,2018-09-01,40.15595,-111.54119,40.15595 N 111.54119 W,1572,Zymo Soil Kit,Spencer McGee,Forest_Fire_Recovery_FS_59N,Forest_Fire_Recovery,Set_5,Burn,2006,2006,6,5,895,in,40.156028,-111.541224,2006-06-05,157780,32.1194038391,34.9600639343,3,7.12,17,5,674387,5,54,52,58,53,46,27,22,28,37,49,54,56,-3.4,-0.4,3.9,8.5,13.5,18.4,22.8,21.5,16.6,10.4,3.2,-2.4,-9.2,-6.8,-3,0.8,5,9.1,13.2,12.1,7.3,1.9,-3.2,-7.8,2.4,6,10.8,16.2,22.1,27.8,32.4,31,25.9,18.9,9.7,3.1,-3.4,562,37,-0.4,156,3.9,8.5,13.5,18.4,22.8,173,23,80,28,80,61,175,21.5,16.6,Rock outcrop-Henefer-Harkers-Gappmayer (s7849),yes,895_in,FS-59N-ITS1,Fungal ITS1 of Soil: FS-59N,FS-59N_R1_001.fastq.gz,FS-59N_R2_001.fastq.gz,
FS-59W,Environmental,Soil,Burn_2006,2018-09-01,40.15595,-111.54119,40.15595 N 111.54119 W,1572,Zymo Soil Kit,Spencer McGee,Forest_Fire_Recovery_FS_59W,Forest_Fire_Recovery,Set_5,Burn,2006,2006,6,5,895,in,40.156028,-111.541224,2006-06-05,157780,32.1194038391,34.9600639343,3,7.12,17,5,674387,5,54,52,58,53,46,27,22,28,37,49,54,56,-3.4,-0.4,3.9,8.5,13.5,18.4,22.8,21.5,16.6,10.4,3.2,-2.4,-9.2,-6.8,-3,0.8,5,9.1,13.2,12.1,7.3,1.9,-3.2,-7.8,2.4,6,10.8,16.2,22.1,27.8,32.4,31,25.9,18.9,9.7,3.1,-3.4,562,37,-0.4,156,3.9,8.5,13.5,18.4,22.8,173,23,80,28,80,61,175,21.5,16.6,Rock outcrop-Henefer-Harkers-Gappmayer (s7849),yes,895_in,FS-59W-ITS1,Fungal ITS1 of Soil: FS-59W,FS-59W_R1_001.fastq.gz,FS-59W_R2_001.fastq.gz,
FS-59E,Environmental,Soil,Burn_2006,2018-09-01,40.15595,-111.54119,40.15595 N 111.54119 W,1572,Zymo Soil Kit,Spencer McGee,Forest_Fire_Recovery_FS_59E,Forest_Fire_Recovery,Set_5,Burn,2006,2006,6,5,895,in,40.156028,-111.541224,2006-06-05,157780,32.1194038391,34.9600639343,3,7.12,17,5,674387,5,54,52,58,53,46,27,22,28,37,49,54,56,-3.4,-0.4,3.9,8.5,13.5,18.4,22.8,21.5,16.6,10.4,3.2,-2.4,-9.2,-6.8,-3,0.8,5,9.1,13.2,12.1,7.3,1.9,-3.2,-7.8,2.4,6,10.8,16.2,22.1,27.8,32.4,31,25.9,18.9,9.7,3.1,-3.4,562,37,-0.4,156,3.9,8.5,13.5,18.4,22.8,173,23,80,28,80,61,175,21.5,16.6,Rock outcrop-Henefer-Harkers-Gappmayer (s7849),yes,895_in,FS-59E-ITS1,Fungal ITS1 of Soil: FS-59E,FS-59E_R1_001.fastq.gz,FS-59E_R2_001.fastq.gz,
FS-60N,Environmental,Soil,NonBurn_2006,2018-09-01,40.15741,-111.53829,40.15741 N 111.53829 W,1628,Zymo Soil Kit,Spencer McGee,Forest_Fire_Recovery_FS_60N,Forest_Fire_Recovery,Set_5,NonBurn,2006,2006,6,5,895,out,40.157489,-111.53819,2006-06-05,163549,34.3605766296,37.7019081116,3,3.24,0,0,674387,5,54,52,58,53,46,27,22,28,37,49,54,56,-3.4,-0.4,3.9,8.5,13.5,18.4,22.8,21.5,16.6,10.4,3.2,-2.4,-9.2,-6.8,-3,0.8,5,9.1,13.2,12.1,7.3,1.9,-3.2,-7.8,2.4,6,10.8,16.2,22.1,27.8,32.4,31,25.9,18.9,9.7,3.1,-3.4,536,37,-0.4,156,3.9,8.5,13.5,18.4,22.8,162,22,77,27,77,58,164,21.5,16.6,Rock outcrop-Henefer-Harkers-Gappmayer (s7849),yes,895_out,FS-60N-ITS1,Fungal ITS1 of Soil: FS-60N,FS-60N_R1_001.fastq.gz,FS-60N_R2_001.fastq.gz,
FS-60W,Environmental,Soil,NonBurn_2006,2018-09-01,40.15741,-111.53829,40.15741 N 111.53829 W,1628,Zymo Soil Kit,Spencer McGee,Forest_Fire_Recovery_FS_60W,Forest_Fire_Recovery,Set_5,NonBurn,2006,2006,6,5,895,out,40.157489,-111.53819,2006-06-05,163549,34.3605766296,37.7019081116,3,3.24,0,0,674387,5,54,52,58,53,46,27,22,28,37,49,54,56,-3.4,-0.4,3.9,8.5,13.5,18.4,22.8,21.5,16.6,10.4,3.2,-2.4,-9.2,-6.8,-3,0.8,5,9.1,13.2,12.1,7.3,1.9,-3.2,-7.8,2.4,6,10.8,16.2,22.1,27.8,32.4,31,25.9,18.9,9.7,3.1,-3.4,536,37,-0.4,156,3.9,8.5,13.5,18.4,22.8,162,22,77,27,77,58,164,21.5,16.6,Rock outcrop-Henefer-Harkers-Gappmayer (s7849),yes,895_out,FS-60W-ITS1,Fungal ITS1 of Soil: FS-60W,FS-60W_R1_001.fastq.gz,FS-60W_R2_001.fastq.gz,
FS-60E,Environmental,Soil,NonBurn_2006,2018-09-01,40.15741,-111.53829,40.15741 N 111.53829 W,1628,Zymo Soil Kit,Spencer McGee,Forest_Fire_Recovery_FS_60E,Forest_Fire_Recovery,Set_5,NonBurn,2006,2006,6,5,895,out,40.157489,-111.53819,2006-06-05,163549,34.3605766296,37.7019081116,3,3.24,0,0,674387,5,54,52,58,53,46,27,22,28,37,49,54,56,-3.4,-0.4,3.9,8.5,13.5,18.4,22.8,21.5,16.6,10.4,3.2,-2.4,-9.2,-6.8,-3,0.8,5,9.1,13.2,12.1,7.3,1.9,-3.2,-7.8,2.4,6,10.8,16.2,22.1,27.8,32.4,31,25.9,18.9,9.7,3.1,-3.4,536,37,-0.4,156,3.9,8.5,13.5,18.4,22.8,162,22,77,27,77,58,164,21.5,16.6,Rock outcrop-Henefer-Harkers-Gappmayer (s7849),yes,895_out,FS-60E-ITS1,Fungal ITS1 of Soil: FS-60E,FS-60E_R1_001.fastq.gz,FS-60E_R2_001.fastq.gz,
FS-71E,Environmental,Soil,NonBurn_2003,2018-09-29,40.2859,-111.63174,40.2859 N 111.63174 W,1660,Zymo Soil Kit,Spencer McGee,Forest_Fire_Recovery_FS_71E,Forest_Fire_Recovery,Set_6,NonBurn,2003,2003,8,15,883,out,40.285884,-111.631759,2003-08-15,166494,29.787443161,38.878074646,4,19.12,3,1,674389,118,54,52,56,52,47,28,23,28,38,50,53,55,-3.4,-0.4,3.5,8.1,13.2,18.1,22.5,21.3,16.2,10,3,-2.4,-9.1,-6.8,-3.3,0.5,4.7,8.8,12.9,11.8,6.9,1.6,-3.3,-7.7,2.4,6.1,10.4,15.7,21.7,27.5,32.2,30.9,25.6,18.5,9.3,3,-3.4,533,37,-0.4,155,3.5,8.1,13.2,18.1,22.5,160,23,79,26,79,56,161,21.3,16.2,Rock outcrop-Mower-Lundy-Lizzant-Hamtah-Agassiz (s8168),yes,883_out,FS-71E-ITS1,Fungal ITS1 of Soil: FS-71E,FS-71E_R1_001.fastq.gz,FS-71E_R2_001.fastq.gz,
FS-71W,Environmental,Soil,NonBurn_2003,2018-09-29,40.2859,-111.63174,40.2859 N 111.63174 W,1660,Zymo Soil Kit,Spencer McGee,Forest_Fire_Recovery_FS_71W,Forest_Fire_Recovery,Set_6,NonBurn,2003,2003,8,15,883,out,40.285884,-111.631759,2003-08-15,166494,29.787443161,38.878074646,4,19.12,3,1,674389,118,54,52,56,52,47,28,23,28,38,50,53,55,-3.4,-0.4,3.5,8.1,13.2,18.1,22.5,21.3,16.2,10,3,-2.4,-9.1,-6.8,-3.3,0.5,4.7,8.8,12.9,11.8,6.9,1.6,-3.3,-7.7,2.4,6.1,10.4,15.7,21.7,27.5,32.2,30.9,25.6,18.5,9.3,3,-3.4,533,37,-0.4,155,3.5,8.1,13.2,18.1,22.5,160,23,79,26,79,56,161,21.3,16.2,Rock outcrop-Mower-Lundy-Lizzant-Hamtah-Agassiz (s8168),yes,883_out,FS-71W-ITS1,Fungal ITS1 of Soil: FS-71W,FS-71W_R1_001.fastq.gz,FS-71W_R2_001.fastq.gz,
FS-71N,Environmental,Soil,NonBurn_2003,2018-09-29,40.2859,-111.63174,40.2859 N 111.63174 W,1660,Zymo Soil Kit,Spencer McGee,Forest_Fire_Recovery_FS_71N,Forest_Fire_Recovery,Set_6,NonBurn,2003,2003,8,15,883,out,40.285884,-111.631759,2003-08-15,166494,29.787443161,38.878074646,4,19.12,3,1,674389,118,54,52,56,52,47,28,23,28,38,50,53,55,-3.4,-0.4,3.5,8.1,13.2,18.1,22.5,21.3,16.2,10,3,-2.4,-9.1,-6.8,-3.3,0.5,4.7,8.8,12.9,11.8,6.9,1.6,-3.3,-7.7,2.4,6.1,10.4,15.7,21.7,27.5,32.2,30.9,25.6,18.5,9.3,3,-3.4,533,37,-0.4,155,3.5,8.1,13.2,18.1,22.5,160,23,79,26,79,56,161,21.3,16.2,Rock outcrop-Mower-Lundy-Lizzant-Hamtah-Agassiz (s8168),yes,883_out,FS-71N-ITS1,Fungal ITS1 of Soil: FS-71N,FS-71N_R1_001.fastq.gz,FS-71N_R2_001.fastq.gz,
FS-72N,Environmental,Soil,Burn_2003,2018-09-29,40.2865,-111.63195,40.2865 N 111.63195 W,1682,Zymo Soil Kit,Spencer McGee,Forest_Fire_Recovery_FS_72N,Forest_Fire_Recovery,Set_6,Burn,2003,2003,8,15,883,in,40.286551,-111.631964,2003-08-15,167493,31.9860267639,38.878074646,4,9.32,3,1,674389,118,54,52,56,52,47,28,23,28,38,50,53,55,-3.4,-0.4,3.5,8.1,13.2,18.1,22.5,21.3,16.2,10,3,-2.4,-9.1,-6.8,-3.3,0.5,4.7,8.8,12.9,11.8,6.9,1.6,-3.3,-7.7,2.4,6.1,10.4,15.7,21.7,27.5,32.2,30.9,25.6,18.5,9.3,3,-3.4,536,37,-0.4,155,3.5,8.1,13.2,18.1,22.5,161,23,79,26,79,56,162,21.3,16.2,Rock outcrop-Mower-Lundy-Lizzant-Hamtah-Agassiz (s8168),yes,883_in,FS-72N-ITS1,Fungal ITS1 of Soil: FS-72N,FS-72N_R1_001.fastq.gz,FS-72N_R2_001.fastq.gz,
FS-72W,Environmental,Soil,Burn_2003,2018-09-29,40.2865,-111.63195,40.2865 N 111.63195 W,1682,Zymo Soil Kit,Spencer McGee,Forest_Fire_Recovery_FS_72W,Forest_Fire_Recovery,Set_6,Burn,2003,2003,8,15,883,in,40.286551,-111.631964,2003-08-15,167493,31.9860267639,38.878074646,4,9.32,3,1,674389,118,54,52,56,52,47,28,23,28,38,50,53,55,-3.4,-0.4,3.5,8.1,13.2,18.1,22.5,21.3,16.2,10,3,-2.4,-9.1,-6.8,-3.3,0.5,4.7,8.8,12.9,11.8,6.9,1.6,-3.3,-7.7,2.4,6.1,10.4,15.7,21.7,27.5,32.2,30.9,25.6,18.5,9.3,3,-3.4,536,37,-0.4,155,3.5,8.1,13.2,18.1,22.5,161,23,79,26,79,56,162,21.3,16.2,Rock outcrop-Mower-Lundy-Lizzant-Hamtah-Agassiz (s8168),yes,883_in,FS-72W-ITS1,Fungal ITS1 of Soil: FS-72W,FS-72W_R1_001.fastq.gz,FS-72W_R2_001.fastq.gz,
FS-72E,Environmental,Soil,Burn_2003,2018-09-29,40.2865,-111.63195,40.2865 N 111.63195 W,1682,Zymo Soil Kit,Spencer McGee,Forest_Fire_Recovery_FS_72E,Forest_Fire_Recovery,Set_6,Burn,2003,2003,8,15,883,in,40.286551,-111.631964,2003-08-15,167493,31.9860267639,38.878074646,4,9.32,3,1,674389,118,54,52,56,52,47,28,23,28,38,50,53,55,-3.4,-0.4,3.5,8.1,13.2,18.1,22.5,21.3,16.2,10,3,-2.4,-9.1,-6.8,-3.3,0.5,4.7,8.8,12.9,11.8,6.9,1.6,-3.3,-7.7,2.4,6.1,10.4,15.7,21.7,27.5,32.2,30.9,25.6,18.5,9.3,3,-3.4,536,37,-0.4,155,3.5,8.1,13.2,18.1,22.5,161,23,79,26,79,56,162,21.3,16.2,Rock outcrop-Mower-Lundy-Lizzant-Hamtah-Agassiz (s8168),yes,883_in,FS-72E-ITS1,Fungal ITS1 of Soil: FS-72E,FS-72E_R1_001.fastq.gz,FS-72E_R2_001.fastq.gz,
FS-73W,Environmental,Soil,NonBurn_2000,2018-11-04,40.34813,-111.55259,40.34813 N 111.55259 W,1653,Zymo Soil Kit,Spencer McGee,Forest_Fire_Recovery_FS_73W,Forest_Fire_Recovery,Set_7,NonBurn,2000,2000,7,26,1459,out,40.348102,-111.552615,2000-07-26,166129,13.6941804886,35.5107879639,3,26.29,1,0,674417,43,63,59,57,50,47,30,26,31,41,53,59,62,-4.6,-2,1.9,6.6,11.6,16.5,20.8,19.8,14.8,8.8,1.7,-3.7,-10.7,-8.7,-5,-1.1,2.9,6.9,10.7,9.8,5.2,0.1,-4.8,-9.5,1.6,4.8,8.9,14.3,20.3,26.1,30.9,29.8,24.5,17.5,8.2,2.1,-4.6,578,38,-2,161,1.9,6.6,11.6,16.5,20.8,184,26,87,26,87,63,184,19.8,14.8,Sterling-Sheep Creek-Richmond-Foxol-Elzinga-Agassiz (s7785),yes,1459_out,FS-73W-ITS1,Fungal ITS1 of Soil: FS-73W,FS-73W_R1_001.fastq.gz,FS-73W_R2_001.fastq.gz,
FS-73N,Environmental,Soil,NonBurn_2000,2018-11-04,40.34813,-111.55259,40.34813 N 111.55259 W,1653,Zymo Soil Kit,Spencer McGee,Forest_Fire_Recovery_FS_73N,Forest_Fire_Recovery,Set_7,NonBurn,2000,2000,7,26,1459,out,40.348102,-111.552615,2000-07-26,166129,13.6941804886,35.5107879639,3,26.29,1,0,674417,43,63,59,57,50,47,30,26,31,41,53,59,62,-4.6,-2,1.9,6.6,11.6,16.5,20.8,19.8,14.8,8.8,1.7,-3.7,-10.7,-8.7,-5,-1.1,2.9,6.9,10.7,9.8,5.2,0.1,-4.8,-9.5,1.6,4.8,8.9,14.3,20.3,26.1,30.9,29.8,24.5,17.5,8.2,2.1,-4.6,578,38,-2,161,1.9,6.6,11.6,16.5,20.8,184,26,87,26,87,63,184,19.8,14.8,Sterling-Sheep Creek-Richmond-Foxol-Elzinga-Agassiz (s7785),yes,1459_out,FS-73N-ITS1,Fungal ITS1 of Soil: FS-73N,FS-73N_R1_001.fastq.gz,FS-73N_R2_001.fastq.gz,
FS-73E,Environmental,Soil,NonBurn_2000,2018-11-04,40.34813,-111.55259,40.34813 N 111.55259 W,1653,Zymo Soil Kit,Spencer McGee,Forest_Fire_Recovery_FS_73E,Forest_Fire_Recovery,Set_7,NonBurn,2000,2000,7,26,1459,out,40.348102,-111.552615,2000-07-26,166129,13.6941804886,35.5107879639,3,26.29,1,0,674417,43,63,59,57,50,47,30,26,31,41,53,59,62,-4.6,-2,1.9,6.6,11.6,16.5,20.8,19.8,14.8,8.8,1.7,-3.7,-10.7,-8.7,-5,-1.1,2.9,6.9,10.7,9.8,5.2,0.1,-4.8,-9.5,1.6,4.8,8.9,14.3,20.3,26.1,30.9,29.8,24.5,17.5,8.2,2.1,-4.6,578,38,-2,161,1.9,6.6,11.6,16.5,20.8,184,26,87,26,87,63,184,19.8,14.8,Sterling-Sheep Creek-Richmond-Foxol-Elzinga-Agassiz (s7785),yes,1459_out,FS-73E-ITS1,Fungal ITS1 of Soil: FS-73E,FS-73E_R1_001.fastq.gz,FS-73E_R2_001.fastq.gz,
FS-74E,Environmental,Soil,Burn_2000,2018-11-04,40.34851,-111.54983,40.34851 N 111.54983 W,1655,Zymo Soil Kit,Spencer McGee,Forest_Fire_Recovery_FS_74E,Forest_Fire_Recovery,Set_7,Burn,2000,2000,7,26,1459,in,40.348496,-111.549795,2000-07-26,166849,17.504234314,38.7650222778,3,28.91,1,0,674417,43,62,59,56,50,46,30,25,30,41,52,59,61,-4.5,-1.8,2.2,6.9,11.8,16.7,21.1,20.1,15,9.1,1.9,-3.5,-10.7,-8.6,-4.8,-0.8,3.1,7.1,11,10.1,5.3,0.3,-4.6,-9.3,1.7,5.1,9.2,14.7,20.6,26.4,31.2,30.1,24.8,17.9,8.5,2.3,-4.5,576,38,-1.8,161,2.2,6.9,11.8,16.7,21.1,183,26,86,26,86,63,183,20.1,15,Sterling-Sheep Creek-Richmond-Foxol-Elzinga-Agassiz (s7785),yes,1459_in,FS-74E-ITS1,Fungal ITS1 of Soil: FS-74E,FS-74E_R1_001.fastq.gz,FS-74E_R2_001.fastq.gz,
FS-74N,Environmental,Soil,Burn_2000,2018-11-04,40.34851,-111.54983,40.34851 N 111.54983 W,1655,Zymo Soil Kit,Spencer McGee,Forest_Fire_Recovery_FS_74N,Forest_Fire_Recovery,Set_7,Burn,2000,2000,7,26,1459,in,40.348496,-111.549795,2000-07-26,166849,17.504234314,38.7650222778,3,28.91,1,0,674417,43,62,59,56,50,46,30,25,30,41,52,59,61,-4.5,-1.8,2.2,6.9,11.8,16.7,21.1,20.1,15,9.1,1.9,-3.5,-10.7,-8.6,-4.8,-0.8,3.1,7.1,11,10.1,5.3,0.3,-4.6,-9.3,1.7,5.1,9.2,14.7,20.6,26.4,31.2,30.1,24.8,17.9,8.5,2.3,-4.5,576,38,-1.8,161,2.2,6.9,11.8,16.7,21.1,183,26,86,26,86,63,183,20.1,15,Sterling-Sheep Creek-Richmond-Foxol-Elzinga-Agassiz (s7785),yes,1459_in,FS-74N-ITS1,Fungal ITS1 of Soil: FS-74N,FS-74N_R1_001.fastq.gz,FS-74N_R2_001.fastq.gz,
FS-74W,Environmental,Soil,Burn_2000,2018-11-04,40.34851,-111.54983,40.34851 N 111.54983 W,1655,Zymo Soil Kit,Spencer McGee,Forest_Fire_Recovery_FS_74W,Forest_Fire_Recovery,Set_7,Burn,2000,2000,7,26,1459,in,40.348496,-111.549795,2000-07-26,166849,17.504234314,38.7650222778,3,28.91,1,0,674417,43,62,59,56,50,46,30,25,30,41,52,59,61,-4.5,-1.8,2.2,6.9,11.8,16.7,21.1,20.1,15,9.1,1.9,-3.5,-10.7,-8.6,-4.8,-0.8,3.1,7.1,11,10.1,5.3,0.3,-4.6,-9.3,1.7,5.1,9.2,14.7,20.6,26.4,31.2,30.1,24.8,17.9,8.5,2.3,-4.5,576,38,-1.8,161,2.2,6.9,11.8,16.7,21.1,183,26,86,26,86,63,183,20.1,15,Sterling-Sheep Creek-Richmond-Foxol-Elzinga-Agassiz (s7785),yes,1459_in,FS-74W-ITS1,Fungal ITS1 of Soil: FS-74W,FS-74W_R1_001.fastq.gz,FS-74W_R2_001.fastq.gz,
FS-77N,Environmental,Soil,NonBurn_2003,2018-10-24,40.42167,-111.53309,40.42167 N 111.53309 W,1937,Zymo Soil Kit,Spencer McGee,Forest_Fire_Recovery_FS_77N,Forest_Fire_Recovery,Set_8,NonBurn,2003,2003,9,23,874,out,40.421916,-111.53317,2003-09-23,194683,12.7048654556,19.9986000061,2,68.03,0,0,674417,26,66,61,56,50,47,31,27,32,41,51,59,62,-5,-2.6,1.2,5.8,10.8,15.7,19.8,18.9,13.9,8.2,1.1,-4.1,-11.4,-9.5,-5.7,-1.9,2,6,9.7,8.9,4.2,-0.5,-5.5,-10.2,1.4,4.3,8.2,13.5,19.6,25.4,30,28.9,23.7,17,7.8,2.1,-5,584,39,-2.6,163,1.2,5.8,10.8,15.7,19.8,189,27,90,26,90,66,189,18.9,13.9,Sterling-Sheep Creek-Richmond-Foxol-Elzinga-Agassiz (s7785),yes,874_out,FS-77N-ITS1,Fungal ITS1 of Soil: FS-77N,FS-77N_R1_001.fastq.gz,FS-77N_R2_001.fastq.gz,
FS-77E,Environmental,Soil,NonBurn_2003,2018-10-24,40.42167,-111.53309,40.42167 N 111.53309 W,1937,Zymo Soil Kit,Spencer McGee,Forest_Fire_Recovery_FS_77E,Forest_Fire_Recovery,Set_8,NonBurn,2003,2003,9,23,874,out,40.421916,-111.53317,2003-09-23,194683,12.7048654556,19.9986000061,2,68.03,0,0,674417,26,66,61,56,50,47,31,27,32,41,51,59,62,-5,-2.6,1.2,5.8,10.8,15.7,19.8,18.9,13.9,8.2,1.1,-4.1,-11.4,-9.5,-5.7,-1.9,2,6,9.7,8.9,4.2,-0.5,-5.5,-10.2,1.4,4.3,8.2,13.5,19.6,25.4,30,28.9,23.7,17,7.8,2.1,-5,584,39,-2.6,163,1.2,5.8,10.8,15.7,19.8,189,27,90,26,90,66,189,18.9,13.9,Sterling-Sheep Creek-Richmond-Foxol-Elzinga-Agassiz (s7785),yes,874_out,FS-77E-ITS1,Fungal ITS1 of Soil: FS-77E,FS-77E_R1_001.fastq.gz,FS-77E_R2_001.fastq.gz,
FS-77W,Environmental,Soil,NonBurn_2003,2018-10-24,40.42167,-111.53309,40.42167 N 111.53309 W,1937,Zymo Soil Kit,Spencer McGee,Forest_Fire_Recovery_FS_77W,Forest_Fire_Recovery,Set_8,NonBurn,2003,2003,9,23,874,out,40.421916,-111.53317,2003-09-23,194683,12.7048654556,19.9986000061,2,68.03,0,0,674417,26,66,61,56,50,47,31,27,32,41,51,59,62,-5,-2.6,1.2,5.8,10.8,15.7,19.8,18.9,13.9,8.2,1.1,-4.1,-11.4,-9.5,-5.7,-1.9,2,6,9.7,8.9,4.2,-0.5,-5.5,-10.2,1.4,4.3,8.2,13.5,19.6,25.4,30,28.9,23.7,17,7.8,2.1,-5,584,39,-2.6,163,1.2,5.8,10.8,15.7,19.8,189,27,90,26,90,66,189,18.9,13.9,Sterling-Sheep Creek-Richmond-Foxol-Elzinga-Agassiz (s7785),yes,874_out,FS-77W-ITS1,Fungal ITS1 of Soil: FS-77W,FS-77W_R1_001.fastq.gz,FS-77W_R2_001.fastq.gz,
FS-78E,Environmental,Soil,Burn_2003,2018-10-24,40.42356,-111.53493,40.42356 N 111.53493 W,1922,Zymo Soil Kit,Spencer McGee,Forest_Fire_Recovery_FS_78E,Forest_Fire_Recovery,Set_8,Burn,2003,2003,9,23,874,in,40.423623,-111.534926,2003-09-23,193683,14.0483236313,23.630657196,2,40.85,0,0,674417,26,66,62,58,51,48,31,27,32,41,51,59,62,-5,-2.7,1,5.6,10.5,15.5,19.6,18.8,13.8,8.1,1,-4.1,-11.4,-9.5,-5.9,-2,1.9,5.9,9.6,8.9,4.2,-0.5,-5.6,-10.2,1.4,4.2,7.9,13.2,19.3,25.1,29.7,28.7,23.5,16.7,7.6,2,-5,587,39,-2.7,162,1,5.6,10.5,15.5,19.6,190,27,90,26,90,66,190,18.8,13.8,Sterling-Sheep Creek-Richmond-Foxol-Elzinga-Agassiz (s7785),yes,874_in,FS-78E-ITS1,Fungal ITS1 of Soil: FS-78E,FS-78E_R1_001.fastq.gz,FS-78E_R2_001.fastq.gz,
FS-81N,Environmental,Soil,Burn_2000,2018-10-03,40.633,-111.18538,40.633 N 111.18538 W,2176,Zymo Soil Kit,Spencer McGee,Forest_Fire_Recovery_FS_81N,Forest_Fire_Recovery,Set_9,Burn,2000,2000,6,18,1452,in,40.633002,-111.185424,2000-06-18,216193,5.0317883492,9.0352640152,3,2.24,8,2,674417,118,47,47,45,44,41,30,29,32,39,43,46,46,-6.2,-4.4,-1.3,3.4,8.3,13.2,17.6,16.5,11.8,6.4,-0.5,-5.4,-13,-11.4,-8,-3.9,0.2,4.2,8.1,7.1,2.6,-2,-7.2,-12.1,0.7,2.6,5.4,10.7,16.5,22.3,27.1,25.9,21,14.9,6.3,1.3,-6.2,495,39,-4.4,157,-1.3,3.4,8.3,13.2,17.6,142,29,92,16,92,48,142,16.5,11.8,Sterling-Sheep Creek-Richmond-Foxol-Elzinga-Agassiz (s7785),yes,1452_in,FS-81N-ITS1,Fungal ITS1 of Soil: FS-81N,FS-81N_R1_001.fastq.gz,FS-81N_R2_001.fastq.gz,
FS-81W,Environmental,Soil,Burn_2000,2018-10-03,40.633,-111.18538,40.633 N 111.18538 W,2176,Zymo Soil Kit,Spencer McGee,Forest_Fire_Recovery_FS_81W,Forest_Fire_Recovery,Set_9,Burn,2000,2000,6,18,1452,in,40.633002,-111.185424,2000-06-18,216193,5.0317883492,9.0352640152,3,2.24,8,2,674417,118,47,47,45,44,41,30,29,32,39,43,46,46,-6.2,-4.4,-1.3,3.4,8.3,13.2,17.6,16.5,11.8,6.4,-0.5,-5.4,-13,-11.4,-8,-3.9,0.2,4.2,8.1,7.1,2.6,-2,-7.2,-12.1,0.7,2.6,5.4,10.7,16.5,22.3,27.1,25.9,21,14.9,6.3,1.3,-6.2,495,39,-4.4,157,-1.3,3.4,8.3,13.2,17.6,142,29,92,16,92,48,142,16.5,11.8,Sterling-Sheep Creek-Richmond-Foxol-Elzinga-Agassiz (s7785),yes,1452_in,FS-81W-ITS1,Fungal ITS1 of Soil: FS-81W,FS-81W_R1_001.fastq.gz,FS-81W_R2_001.fastq.gz,
FS-81E,Environmental,Soil,Burn_2000,2018-10-03,40.633,-111.18538,40.633 N 111.18538 W,2176,Zymo Soil Kit,Spencer McGee,Forest_Fire_Recovery_FS_81E,Forest_Fire_Recovery,Set_9,Burn,2000,2000,6,18,1452,in,40.633002,-111.185424,2000-06-18,216193,5.0317883492,9.0352640152,3,2.24,8,2,674417,118,47,47,45,44,41,30,29,32,39,43,46,46,-6.2,-4.4,-1.3,3.4,8.3,13.2,17.6,16.5,11.8,6.4,-0.5,-5.4,-13,-11.4,-8,-3.9,0.2,4.2,8.1,7.1,2.6,-2,-7.2,-12.1,0.7,2.6,5.4,10.7,16.5,22.3,27.1,25.9,21,14.9,6.3,1.3,-6.2,495,39,-4.4,157,-1.3,3.4,8.3,13.2,17.6,142,29,92,16,92,48,142,16.5,11.8,Sterling-Sheep Creek-Richmond-Foxol-Elzinga-Agassiz (s7785),yes,1452_in,FS-81E-ITS1,Fungal ITS1 of Soil: FS-81E,FS-81E_R1_001.fastq.gz,FS-81E_R2_001.fastq.gz,
FS-82N,Environmental,Soil,NonBurn_2000,2018-10-03,40.63437,-111.18636,40.63437 N 111.18636 W,2176,Zymo Soil Kit,Spencer McGee,Forest_Fire_Recovery_FS_82N,Forest_Fire_Recovery,Set_9,NonBurn,2000,2000,6,18,1452,out,40.634394,-111.186356,2000-06-18,218140,8.1480226517,11.04317379,3,12.82,8,2,674417,118,47,47,45,44,41,30,29,32,39,43,46,46,-6.2,-4.4,-1.3,3.4,8.3,13.2,17.6,16.5,11.8,6.4,-0.5,-5.4,-13,-11.4,-8,-3.9,0.2,4.2,8.1,7.1,2.6,-2,-7.2,-12.1,0.7,2.6,5.4,10.7,16.5,22.3,27.1,25.9,21,14.9,6.3,1.3,-6.2,519,39,-4.4,154,-1.3,3.4,8.3,13.2,17.6,151,30,95,17,95,51,151,16.5,11.8,Sterling-Sheep Creek-Richmond-Foxol-Elzinga-Agassiz (s7785),yes,1452_out,FS-82N-ITS1,Fungal ITS1 of Soil: FS-82N,FS-82N_R1_001.fastq.gz,FS-82N_R2_001.fastq.gz,
FS-82W,Environmental,Soil,NonBurn_2000,2018-10-03,40.63437,-111.18636,40.63437 N 111.18636 W,2176,Zymo Soil Kit,Spencer McGee,Forest_Fire_Recovery_FS_82W,Forest_Fire_Recovery,Set_9,NonBurn,2000,2000,6,18,1452,out,40.634394,-111.186356,2000-06-18,218140,8.1480226517,11.04317379,3,12.82,8,2,674417,118,47,47,45,44,41,30,29,32,39,43,46,46,-6.2,-4.4,-1.3,3.4,8.3,13.2,17.6,16.5,11.8,6.4,-0.5,-5.4,-13,-11.4,-8,-3.9,0.2,4.2,8.1,7.1,2.6,-2,-7.2,-12.1,0.7,2.6,5.4,10.7,16.5,22.3,27.1,25.9,21,14.9,6.3,1.3,-6.2,519,39,-4.4,154,-1.3,3.4,8.3,13.2,17.6,151,30,95,17,95,51,151,16.5,11.8,Sterling-Sheep Creek-Richmond-Foxol-Elzinga-Agassiz (s7785),yes,1452_out,FS-82W-ITS1,Fungal ITS1 of Soil: FS-82W,FS-82W_R1_001.fastq.gz,FS-82W_R2_001.fastq.gz,
FS-82E,Environmental,Soil,NonBurn_2000,2018-10-03,40.63437,-111.18636,40.63437 N 111.18636 W,2176,Zymo Soil Kit,Spencer McGee,Forest_Fire_Recovery_FS_82E,Forest_Fire_Recovery,Set_9,NonBurn,2000,2000,6,18,1452,out,40.634394,-111.186356,2000-06-18,218140,8.1480226517,11.04317379,3,12.82,8,2,674417,118,47,47,45,44,41,30,29,32,39,43,46,46,-6.2,-4.4,-1.3,3.4,8.3,13.2,17.6,16.5,11.8,6.4,-0.5,-5.4,-13,-11.4,-8,-3.9,0.2,4.2,8.1,7.1,2.6,-2,-7.2,-12.1,0.7,2.6,5.4,10.7,16.5,22.3,27.1,25.9,21,14.9,6.3,1.3,-6.2,519,39,-4.4,154,-1.3,3.4,8.3,13.2,17.6,151,30,95,17,95,51,151,16.5,11.8,Sterling-Sheep Creek-Richmond-Foxol-Elzinga-Agassiz (s7785),yes,1452_out,FS-82E-ITS1,Fungal ITS1 of Soil: FS-82E,FS-82E_R1_001.fastq.gz,FS-82E_R2_001.fastq.gz,
FS-115E,Environmental,Soil,Burn_2006,2018-07-14,41.48998,-111.99606,41.48998 N 111.99606 W,1483,Zymo Soil Kit,Spencer McGee,Forest_Fire_Recovery_FS_115E,Forest_Fire_Recovery,Set_10,Burn,2006,2006,8,23,704,in,41.489965,-111.996076,2006-08-23,148606,18.2032928467,23.9555301666,1,52.24,0,0,674339,37,52,49,54,57,56,38,21,25,38,46,51,53,-5.1,-2.5,2,6.8,11.9,16.9,21.6,20.6,15.1,8.8,1.8,-3.8,-10.4,-8.3,-3.9,0.2,4.5,8.7,12.6,11.7,6.5,1,-3.9,-8.9,0.3,3.4,7.9,13.5,19.3,25.2,30.6,29.5,23.7,16.7,7.6,1.3,-5.1,540,34,-2.5,141,2,6.8,11.9,16.9,21.6,154,21,84,25,84,57,167,20.6,15.1,Nielsen-Dranyon-Dra (s2168),yes,704_in,FS-115E-ITS1,Fungal ITS1 of Soil: FS-115E,FS-115E_R1_001.fastq.gz,FS-115E_R2_001.fastq.gz,
FS-115N,Environmental,Soil,Burn_2006,2018-07-14,41.48998,-111.99606,41.48998 N 111.99606 W,1483,Zymo Soil Kit,Spencer McGee,Forest_Fire_Recovery_FS_115N,Forest_Fire_Recovery,Set_10,Burn,2006,2006,8,23,704,in,41.489965,-111.996076,2006-08-23,148606,18.2032928467,23.9555301666,1,52.24,0,0,674339,37,52,49,54,57,56,38,21,25,38,46,51,53,-5.1,-2.5,2,6.8,11.9,16.9,21.6,20.6,15.1,8.8,1.8,-3.8,-10.4,-8.3,-3.9,0.2,4.5,8.7,12.6,11.7,6.5,1,-3.9,-8.9,0.3,3.4,7.9,13.5,19.3,25.2,30.6,29.5,23.7,16.7,7.6,1.3,-5.1,540,34,-2.5,141,2,6.8,11.9,16.9,21.6,154,21,84,25,84,57,167,20.6,15.1,Nielsen-Dranyon-Dra (s2168),yes,704_in,FS-115N-ITS1,Fungal ITS1 of Soil: FS-115N,FS-115N_R1_001.fastq.gz,FS-115N_R2_001.fastq.gz,
FS-115W,Environmental,Soil,Burn_2006,2018-07-14,41.48998,-111.99606,41.48998 N 111.99606 W,1483,Zymo Soil Kit,Spencer McGee,Forest_Fire_Recovery_FS_115W,Forest_Fire_Recovery,Set_10,Burn,2006,2006,8,23,704,in,41.489965,-111.996076,2006-08-23,148606,18.2032928467,23.9555301666,1,52.24,0,0,674339,37,52,49,54,57,56,38,21,25,38,46,51,53,-5.1,-2.5,2,6.8,11.9,16.9,21.6,20.6,15.1,8.8,1.8,-3.8,-10.4,-8.3,-3.9,0.2,4.5,8.7,12.6,11.7,6.5,1,-3.9,-8.9,0.3,3.4,7.9,13.5,19.3,25.2,30.6,29.5,23.7,16.7,7.6,1.3,-5.1,540,34,-2.5,141,2,6.8,11.9,16.9,21.6,154,21,84,25,84,57,167,20.6,15.1,Nielsen-Dranyon-Dra (s2168),yes,704_in,FS-115W-ITS1,Fungal ITS1 of Soil: FS-115W,FS-115W_R1_001.fastq.gz,FS-115W_R2_001.fastq.gz,
FS-116E,Environmental,Soil,NonBurn_2006,2018-07-14,41.49117,-111.99463,41.49117 N 111.99463 W,1483,Zymo Soil Kit,Spencer McGee,Forest_Fire_Recovery_FS_116E,Forest_Fire_Recovery,Set_10,NonBurn,2006,2006,8,23,704,out,41.491142,-111.994484,2006-08-23,149258,21.6930732727,26.155046463,1,51.71,0,0,674339,37,52,49,54,57,56,38,21,25,38,46,51,53,-5.2,-2.6,1.8,6.6,11.7,16.7,21.4,20.4,14.9,8.7,1.7,-3.9,-10.5,-8.5,-4.1,0,4.3,8.5,12.4,11.5,6.3,0.9,-4.1,-9.1,0.3,3.3,7.7,13.3,19.1,25,30.4,29.3,23.6,16.6,7.5,1.2,-5.2,540,34,-2.6,141,1.8,6.6,11.7,16.7,21.4,154,21,84,25,84,57,167,20.4,14.9,Nielsen-Dranyon-Dra (s2168),yes,704_out,FS-116E-ITS1,Fungal ITS1 of Soil: FS-116E,FS-116E_R1_001.fastq.gz,FS-116E_R2_001.fastq.gz,
FS-116N,Environmental,Soil,NonBurn_2006,2018-07-14,41.49117,-111.99463,41.49117 N 111.99463 W,1483,Zymo Soil Kit,Spencer McGee,Forest_Fire_Recovery_FS_116N,Forest_Fire_Recovery,Set_10,NonBurn,2006,2006,8,23,704,out,41.491142,-111.994484,2006-08-23,149258,21.6930732727,26.155046463,1,51.71,0,0,674339,37,52,49,54,57,56,38,21,25,38,46,51,53,-5.2,-2.6,1.8,6.6,11.7,16.7,21.4,20.4,14.9,8.7,1.7,-3.9,-10.5,-8.5,-4.1,0,4.3,8.5,12.4,11.5,6.3,0.9,-4.1,-9.1,0.3,3.3,7.7,13.3,19.1,25,30.4,29.3,23.6,16.6,7.5,1.2,-5.2,540,34,-2.6,141,1.8,6.6,11.7,16.7,21.4,154,21,84,25,84,57,167,20.4,14.9,Nielsen-Dranyon-Dra (s2168),yes,704_out,FS-116N-ITS1,Fungal ITS1 of Soil: FS-116N,FS-116N_R1_001.fastq.gz,FS-116N_R2_001.fastq.gz,
FS-116W,Environmental,Soil,NonBurn_2006,2018-07-14,41.49117,-111.99463,41.49117 N 111.99463 W,1483,Zymo Soil Kit,Spencer McGee,Forest_Fire_Recovery_FS_116W,Forest_Fire_Recovery,Set_10,NonBurn,2006,2006,8,23,704,out,41.491142,-111.994484,2006-08-23,149258,21.6930732727,26.155046463,1,51.71,0,0,674339,37,52,49,54,57,56,38,21,25,38,46,51,53,-5.2,-2.6,1.8,6.6,11.7,16.7,21.4,20.4,14.9,8.7,1.7,-3.9,-10.5,-8.5,-4.1,0,4.3,8.5,12.4,11.5,6.3,0.9,-4.1,-9.1,0.3,3.3,7.7,13.3,19.1,25,30.4,29.3,23.6,16.6,7.5,1.2,-5.2,540,34,-2.6,141,1.8,6.6,11.7,16.7,21.4,154,21,84,25,84,57,167,20.4,14.9,Nielsen-Dranyon-Dra (s2168),yes,704_out,FS-116W-ITS1,Fungal ITS1 of Soil: FS-116W,FS-116W_R1_001.fastq.gz,FS-116W_R2_001.fastq.gz,
FS-119E,Environmental,Soil,NonBurn_2015,2018-07-13,41.60682,-111.60818,41.60682 N 111.60818 W,1643,Zymo Soil Kit,Spencer McGee,Forest_Fire_Recovery_FS_119E,Forest_Fire_Recovery,Set_11,NonBurn,2015,2015,9,25,1628,out,41.606838,-111.608181,2015-09-25,165933,13.7459611893,30.7330360413,3,25.74,0,0,674339,118,42,38,42,48,45,35,21,26,36,40,42,43,-6.9,-4.9,-0.6,4.5,9.2,13.7,17.9,16.9,11.9,6.3,-0.4,-5.9,-13.9,-12.2,-7.4,-2.8,0.8,4.2,7.3,6.4,1.7,-3.2,-7.5,-12.7,0.1,2.5,6.3,11.9,17.7,23.3,28.5,27.5,22.2,15.8,6.7,1,-6.9,464,39,-4.9,168,-0.6,4.5,9.2,13.7,17.9,125,20,80,21,80,49,139,16.9,11.9,Nielsen-Dranyon-Dra (s2168),yes,1628_out,FS-119E-ITS1,Fungal ITS1 of Soil: FS-119E,FS-119E_R1_001.fastq.gz,FS-119E_R2_001.fastq.gz,
FS-119W,Environmental,Soil,NonBurn_2015,2018-07-13,41.60682,-111.60818,41.60682 N 111.60818 W,1643,Zymo Soil Kit,Spencer McGee,Forest_Fire_Recovery_FS_119W,Forest_Fire_Recovery,Set_11,NonBurn,2015,2015,9,25,1628,out,41.606838,-111.608181,2015-09-25,165933,13.7459611893,30.7330360413,3,25.74,0,0,674339,118,42,38,42,48,45,35,21,26,36,40,42,43,-6.9,-4.9,-0.6,4.5,9.2,13.7,17.9,16.9,11.9,6.3,-0.4,-5.9,-13.9,-12.2,-7.4,-2.8,0.8,4.2,7.3,6.4,1.7,-3.2,-7.5,-12.7,0.1,2.5,6.3,11.9,17.7,23.3,28.5,27.5,22.2,15.8,6.7,1,-6.9,464,39,-4.9,168,-0.6,4.5,9.2,13.7,17.9,125,20,80,21,80,49,139,16.9,11.9,Nielsen-Dranyon-Dra (s2168),yes,1628_out,FS-119W-ITS1,Fungal ITS1 of Soil: FS-119W,FS-119W_R1_001.fastq.gz,FS-119W_R2_001.fastq.gz,
FS-119N,Environmental,Soil,NonBurn_2015,2018-07-13,41.60682,-111.60818,41.60682 N 111.60818 W,1643,Zymo Soil Kit,Spencer McGee,Forest_Fire_Recovery_FS_119N,Forest_Fire_Recovery,Set_11,NonBurn,2015,2015,9,25,1628,out,41.606838,-111.608181,2015-09-25,165933,13.7459611893,30.7330360413,3,25.74,0,0,674339,118,42,38,42,48,45,35,21,26,36,40,42,43,-6.9,-4.9,-0.6,4.5,9.2,13.7,17.9,16.9,11.9,6.3,-0.4,-5.9,-13.9,-12.2,-7.4,-2.8,0.8,4.2,7.3,6.4,1.7,-3.2,-7.5,-12.7,0.1,2.5,6.3,11.9,17.7,23.3,28.5,27.5,22.2,15.8,6.7,1,-6.9,464,39,-4.9,168,-0.6,4.5,9.2,13.7,17.9,125,20,80,21,80,49,139,16.9,11.9,Nielsen-Dranyon-Dra (s2168),yes,1628_out,FS-119N-ITS1,Fungal ITS1 of Soil: FS-119N,FS-119N_R1_001.fastq.gz,FS-119N_R2_001.fastq.gz,
FS-120E,Environmental,Soil,Burn_2015,2018-07-13,41.60692,-111.60789,41.60692 N 111.60789 W,1644,Zymo Soil Kit,Spencer McGee,Forest_Fire_Recovery_FS_120E,Forest_Fire_Recovery,Set_11,Burn,2015,2015,9,25,1628,in,41.606945,-111.607953,2015-09-25,165933,13.7459611893,30.7330360413,3,25.74,0,0,674339,118,42,38,42,48,45,35,21,26,36,40,42,43,-6.9,-4.9,-0.6,4.5,9.2,13.7,17.9,16.9,11.9,6.3,-0.4,-5.9,-13.9,-12.2,-7.4,-2.8,0.8,4.2,7.3,6.4,1.7,-3.2,-7.5,-12.7,0.1,2.5,6.3,11.9,17.7,23.3,28.5,27.5,22.2,15.8,6.7,1,-6.9,464,39,-4.9,168,-0.6,4.5,9.2,13.7,17.9,125,20,80,21,80,49,139,16.9,11.9,Nielsen-Dranyon-Dra (s2168),yes,1628_in,FS-120E-ITS1,Fungal ITS1 of Soil: FS-120E,FS-120E_R1_001.fastq.gz,FS-120E_R2_001.fastq.gz,
FS-120W,Environmental,Soil,Burn_2015,2018-07-13,41.60692,-111.60789,41.60692 N 111.60789 W,1644,Zymo Soil Kit,Spencer McGee,Forest_Fire_Recovery_FS_120W,Forest_Fire_Recovery,Set_11,Burn,2015,2015,9,25,1628,in,41.606945,-111.607953,2015-09-25,165933,13.7459611893,30.7330360413,3,25.74,0,0,674339,118,42,38,42,48,45,35,21,26,36,40,42,43,-6.9,-4.9,-0.6,4.5,9.2,13.7,17.9,16.9,11.9,6.3,-0.4,-5.9,-13.9,-12.2,-7.4,-2.8,0.8,4.2,7.3,6.4,1.7,-3.2,-7.5,-12.7,0.1,2.5,6.3,11.9,17.7,23.3,28.5,27.5,22.2,15.8,6.7,1,-6.9,464,39,-4.9,168,-0.6,4.5,9.2,13.7,17.9,125,20,80,21,80,49,139,16.9,11.9,Nielsen-Dranyon-Dra (s2168),yes,1628_in,FS-120W-ITS1,Fungal ITS1 of Soil: FS-120W,FS-120W_R1_001.fastq.gz,FS-120W_R2_001.fastq.gz,
FS-120N,Environmental,Soil,Burn_2015,2018-07-13,41.60692,-111.60789,41.60692 N 111.60789 W,1644,Zymo Soil Kit,Spencer McGee,Forest_Fire_Recovery_FS_120N,Forest_Fire_Recovery,Set_11,Burn,2015,2015,9,25,1628,in,41.606945,-111.607953,2015-09-25,165933,13.7459611893,30.7330360413,3,25.74,0,0,674339,118,42,38,42,48,45,35,21,26,36,40,42,43,-6.9,-4.9,-0.6,4.5,9.2,13.7,17.9,16.9,11.9,6.3,-0.4,-5.9,-13.9,-12.2,-7.4,-2.8,0.8,4.2,7.3,6.4,1.7,-3.2,-7.5,-12.7,0.1,2.5,6.3,11.9,17.7,23.3,28.5,27.5,22.2,15.8,6.7,1,-6.9,464,39,-4.9,168,-0.6,4.5,9.2,13.7,17.9,125,20,80,21,80,49,139,16.9,11.9,Nielsen-Dranyon-Dra (s2168),yes,1628_in,FS-120N-ITS1,Fungal ITS1 of Soil: FS-120N,FS-120N_R1_001.fastq.gz,FS-120N_R2_001.fastq.gz,
FS-Neg1,,,,,,,,,,,,,,,,,,,,,,,,,,,,,,,,,,,,,,,,,,,,,,,,,,,,,,,,,,,,,,,,,,,,,,,,,,,,,,,,,,,,,,,,,,,,,,,,,,,,,,,,,FS-NEG-1_R1_001.fastq.gz,FS-NEG-1_R2_001.fastq.gz,
FS-Neg2,,,,,,,,,,,,,,,,,,,,,,,,,,,,,,,,,,,,,,,,,,,,,,,,,,,,,,,,,,,,,,,,,,,,,,,,,,,,,,,,,,,,,,,,,,,,,,,,,,,,,,,,,FS-NEG2_R1_001.fastq.gz,FS-NEG2_R2_001.fastq.gz,
FS-Pos,,,,,,,,,,,,,,,,,,,,,,,,,,,,,,,,,,,,,,,,,,,,,,,,,,,,,,,,,,,,,,,,,,,,,,,,,,,,,,,,,,,,,,,,,,,,,,,,,,,,,,,,,Fungal-POS_R1_001.fastq.gz,Fungal-POS_R2_001.fastq.gz,
